{"cameraMode":{"drawMode":0,"name":"Shaded","section":"Shading Mode"},"sceneLighting":false,"audioPlay":false,"sceneViewState":{"showFog":true,"showMaterialUpdate":true,"showSkybox":false,"showFlares":true,"showImageEffects":true,"showParticleSystems":true},"in2DMode":false,"pivot":{"x":-2.2200000286102297,"y":-1.100000023841858,"z":0.0},"rotation":{"x":-0.05341174453496933,"y":-0.17818038165569306,"z":0.009685889817774296,"w":-0.982505738735199},"size":1.2882150411605836,"orthographic":false}