{"cameraMode":{"drawMode":0,"name":"Shaded","section":"Shading Mode"},"sceneLighting":false,"audioPlay":false,"sceneViewState":{"showFog":true,"showMaterialUpdate":true,"showSkybox":false,"showFlares":true,"showImageEffects":true,"showParticleSystems":true},"in2DMode":false,"pivot":{"x":-12.679384231567383,"y":2.9522290229797365,"z":-11.181326866149903},"rotation":{"x":-0.12150146067142487,"y":0.011014348827302456,"z":-0.0013488344848155976,"w":-0.9925346374511719},"size":22.0,"orthographic":false}