{"cameraMode":{"drawMode":0,"name":"Shaded","section":"Shading Mode"},"sceneLighting":false,"audioPlay":false,"sceneViewState":{"showFog":true,"showMaterialUpdate":true,"showSkybox":false,"showFlares":true,"showImageEffects":true,"showParticleSystems":true},"in2DMode":false,"pivot":{"x":-3.8907670974731447,"y":0.9070532321929932,"z":-2.4741268157958986},"rotation":{"x":-0.07586337625980377,"y":-0.14988920092582704,"z":0.011530518531799317,"w":-0.9857316017150879},"size":14.389686584472657,"orthographic":false}